system,seed,arm1,arm2,arm3,mfia,arm1_from_mfia_run
sdof,42,0.7335,,0.9301,0.9498,0.7335
sdof,0,0.7489,,0.9533,0.9023,0.7489
sdof,1,0.7138,,0.9479,0.9302,0.7138
sdof,2,0.8039,,0.9383,0.9361,0.8039
sdof,3,0.6171,,0.954,0.9472,0.6171
frame3,42,0.788,,0.8634,0.8453,0.788
frame3,0,0.7754,,0.8204,0.7836,0.7754
frame3,1,0.681,,0.7798,0.7649,0.681
frame3,2,0.7773,,0.8565,0.8067,0.7773
frame3,3,0.7364,,0.8488,0.809,0.7364
turbine,42,0.220272,,0.830846,0.7489901999999999,0.220272
turbine,0,0.2888958,,0.8830668,0.7214078,0.2888958
turbine,1,0.2884508,,0.8671384,0.7770878,0.2884508
turbine,2,0.2694614,,0.838799,0.7049164,0.2694614
turbine,3,0.2979102,,0.8900482,0.793641,0.2979102
tunnel,42,-0.13598481818181818,,0.894903,0.7270041818181818,-0.13598481818181818
tunnel,0,-0.024815999999999998,,0.7672145454545455,0.7519125454545454,-0.024815999999999998
tunnel,1,0.00045681818181819017,,0.817578090909091,0.6799699090909092,0.00045681818181819017
tunnel,2,-0.06206590909090909,,0.8954283636363637,0.7290101818181818,-0.06206590909090909
tunnel,3,-0.12207627272727274,,0.8860717272727273,0.7831964545454545,-0.12207627272727274
